sylph	amrfporg
Acinetobacter baumannii	Acinetobacter_baumannii
Acinetobacter baumannii_B	Acinetobacter_baumannii
Acinetobacter calcoaceticus	Acinetobacter_baumannii
Acinetobacter calcoaceticus_B	Acinetobacter_baumannii
Acinetobacter calcoaceticus_C	Acinetobacter_baumannii
Acinetobacter calcoaceticus_D	Acinetobacter_baumannii
Acinetobacter calcoaceticus_E	Acinetobacter_baumannii
Acinetobacter lactucae	Acinetobacter_baumannii
Acinetobacter nosocomialis	Acinetobacter_baumannii
Acinetobacter pittii	Acinetobacter_baumannii
Acinetobacter pittii_E	Acinetobacter_baumannii
Acinetobacter pittii_H	Acinetobacter_baumannii
Acinetobacter seifertii	Acinetobacter_baumannii
Bordetella pertussis	Bordetella_pertussis
Burkholderia aenigmatica	Burkholderia_cepacia
Burkholderia ambifaria	Burkholderia_cepacia
Burkholderia ambifaria_A	Burkholderia_cepacia
Burkholderia anthina	Burkholderia_cepacia
Burkholderia anthina_A	Burkholderia_cepacia
Burkholderia arboris	Burkholderia_cepacia
Burkholderia cenocepacia	Burkholderia_cepacia
Burkholderia cepacia	Burkholderia_cepacia
Burkholderia cepacia_F	Burkholderia_cepacia
Burkholderia contaminans	Burkholderia_cepacia
Burkholderia diffusa	Burkholderia_cepacia
Burkholderia diffusa_B	Burkholderia_cepacia
Burkholderia dolosa	Burkholderia_cepacia
Burkholderia humptydooensis	Burkholderia_pseudomallei
Burkholderia lata	Burkholderia_cepacia
Burkholderia lata_B	Burkholderia_cepacia
Burkholderia latens	Burkholderia_cepacia
Burkholderia latens_A	Burkholderia_cepacia
Burkholderia mallei	Burkholderia_mallei
Burkholderia metallica	Burkholderia_cepacia
Burkholderia multivorans	Burkholderia_cepacia
Burkholderia multivorans_A	Burkholderia_cepacia
Burkholderia oklahomensis	Burkholderia_pseudomallei
Burkholderia orbicola	Burkholderia_cepacia
Burkholderia paludis	Burkholderia_cepacia
Burkholderia pseudomultivorans	Burkholderia_cepacia
Burkholderia puraquae	Burkholderia_cepacia
Burkholderia pyrrocinia	Burkholderia_cepacia
Burkholderia savannae	Burkholderia_pseudomallei
Burkholderia seminalis	Burkholderia_cepacia
Burkholderia singularis	Burkholderia_pseudomallei
Burkholderia stabilis	Burkholderia_cepacia
Burkholderia stagnalis	Burkholderia_cepacia
Burkholderia territorii	Burkholderia_cepacia
Burkholderia thailandensis	Burkholderia_pseudomallei
Burkholderia ubonensis	Burkholderia_cepacia
Burkholderia ubonensis_B	Burkholderia_cepacia
Burkholderia vietnamiensis	Burkholderia_cepacia
Campylobacter_D coli	Campylobacter
Campylobacter_D coli_A	Campylobacter
Campylobacter_D coli_B	Campylobacter
Campylobacter_D jejuni	Campylobacter
Campylobacter_D jejuni_A	Campylobacter
Campylobacter_D jejuni_B	Campylobacter
Campylobacter_D jejuni_C	Campylobacter
Campylobacter_D jejuni_D	Campylobacter
Citrobacter freundii	Citrobacter_freundii
Citrobacter freundii_A	Citrobacter_freundii
Clostridioides difficile	Clostridioides_difficile
Clostridioides difficile_A	Clostridioides_difficile
Clostridioides difficile_D	Clostridioides_difficile
Clostridioides difficile_E	Clostridioides_difficile
Clostridioides difficile_F	Clostridioides_difficile
Corynebacterium diphtheriae	Corynebacterium_diphtheriae
Enterobacter asburiae	Enterobacter_asburiae
Enterobacter asburiae_B	Enterobacter_asburiae
Enterobacter asburiae_D	Enterobacter_asburiae
Enterobacter asburiae_E	Enterobacter_asburiae
Enterobacter cancerogenus	Enterobacter_cloacae
Enterobacter chengduensis	Enterobacter_cloacae
Enterobacter chuandaensis	Enterobacter_cloacae
Enterobacter cloacae	Enterobacter_cloacae
Enterobacter cloacae_I	Enterobacter_cloacae
Enterobacter cloacae_L	Enterobacter_cloacae
Enterobacter cloacae_M	Enterobacter_cloacae
Enterobacter cloacae_N	Enterobacter_cloacae
Enterobacter cloacae_O	Enterobacter_cloacae
Enterobacter cloacae_P	Enterobacter_cloacae
Enterobacter cloacae_Q	Enterobacter_cloacae
Enterobacter hormaechei	Enterobacter_cloacae
Enterobacter hormaechei_A	Enterobacter_cloacae
Enterobacter kobei	Enterobacter_cloacae
Enterobacter ludwigii	Enterobacter_cloacae
Enterobacter roggenkampii	Enterobacter_cloacae
Enterobacter sichuanensis	Enterobacter_cloacae
Enterococcus faecalis	Enterococcus_faecalis
Enterococcus_B faecium	Enterococcus_faecium
Enterococcus_B hirae	Enterococcus_faecium
Escherichia coli	Escherichia
Escherichia coli_E	Escherichia
Haemophilus influenzae	Haemophilus_influenzae
Haemophilus influenzae_D	Haemophilus_influenzae
Haemophilus influenzae_E	Haemophilus_influenzae
Haemophilus influenzae_G	Haemophilus_influenzae
Klebsiella aerogenes	Klebsiella_pneumoniae
Klebsiella africana	Klebsiella_pneumoniae
Klebsiella grimontii	Klebsiella_oxytoca
Klebsiella huaxiensis	Klebsiella_oxytoca
Klebsiella michiganensis	Klebsiella_oxytoca
Klebsiella oxytoca	Klebsiella_oxytoca
Klebsiella pneumoniae	Klebsiella_pneumoniae
Klebsiella quasipneumoniae	Klebsiella_pneumoniae
Klebsiella variicola	Klebsiella_pneumoniae
Neisseria gonorrhoeae	Neisseria_gonorrhoeae
Neisseria meningitidis	Neisseria_meningitidis
Pseudomonas aeruginosa	Pseudomonas_aeruginosa
Pseudomonas aeruginosa_A	Pseudomonas_aeruginosa
Salmonella enterica	Salmonella
Serratia marcescens	Serratia_marcescens
Serratia marcescens_J	Serratia_marcescens
Serratia marcescens_K	Serratia_marcescens
Staphylococcus aureus	Staphylococcus_aureus
Staphylococcus pseudintermedius	Staphylococcus_pseudintermedius
Streptococcus agalactiae	Streptococcus_agalactiae
Streptococcus mitis	Streptococcus_pneumoniae
Streptococcus mitis_A	Streptococcus_pneumoniae
Streptococcus mitis_AC	Streptococcus_pneumoniae
Streptococcus mitis_AD	Streptococcus_pneumoniae
Streptococcus mitis_AF	Streptococcus_pneumoniae
Streptococcus mitis_AH	Streptococcus_pneumoniae
Streptococcus mitis_AI	Streptococcus_pneumoniae
Streptococcus mitis_AK	Streptococcus_pneumoniae
Streptococcus mitis_AP	Streptococcus_pneumoniae
Streptococcus mitis_AQ	Streptococcus_pneumoniae
Streptococcus mitis_AR	Streptococcus_pneumoniae
Streptococcus mitis_AT	Streptococcus_pneumoniae
Streptococcus mitis_AV	Streptococcus_pneumoniae
Streptococcus mitis_AW	Streptococcus_pneumoniae
Streptococcus mitis_AX	Streptococcus_pneumoniae
Streptococcus mitis_AY	Streptococcus_pneumoniae
Streptococcus mitis_AZ	Streptococcus_pneumoniae
Streptococcus mitis_BA	Streptococcus_pneumoniae
Streptococcus mitis_BB	Streptococcus_pneumoniae
Streptococcus mitis_BC	Streptococcus_pneumoniae
Streptococcus mitis_BD	Streptococcus_pneumoniae
Streptococcus mitis_BE	Streptococcus_pneumoniae
Streptococcus mitis_BG	Streptococcus_pneumoniae
Streptococcus mitis_BH	Streptococcus_pneumoniae
Streptococcus mitis_BI	Streptococcus_pneumoniae
Streptococcus mitis_BJ	Streptococcus_pneumoniae
Streptococcus mitis_BK	Streptococcus_pneumoniae
Streptococcus mitis_BM	Streptococcus_pneumoniae
Streptococcus mitis_BN	Streptococcus_pneumoniae
Streptococcus mitis_BP	Streptococcus_pneumoniae
Streptococcus mitis_BQ	Streptococcus_pneumoniae
Streptococcus mitis_BR	Streptococcus_pneumoniae
Streptococcus mitis_BU	Streptococcus_pneumoniae
Streptococcus mitis_BV	Streptococcus_pneumoniae
Streptococcus mitis_BW	Streptococcus_pneumoniae
Streptococcus mitis_C	Streptococcus_pneumoniae
Streptococcus mitis_D	Streptococcus_pneumoniae
Streptococcus mitis_E	Streptococcus_pneumoniae
Streptococcus mitis_F	Streptococcus_pneumoniae
Streptococcus mitis_H	Streptococcus_pneumoniae
Streptococcus mitis_I	Streptococcus_pneumoniae
Streptococcus mitis_J	Streptococcus_pneumoniae
Streptococcus mitis_K	Streptococcus_pneumoniae
Streptococcus mitis_L	Streptococcus_pneumoniae
Streptococcus mitis_N	Streptococcus_pneumoniae
Streptococcus mitis_O	Streptococcus_pneumoniae
Streptococcus mitis_P	Streptococcus_pneumoniae
Streptococcus mitis_Q	Streptococcus_pneumoniae
Streptococcus mitis_W	Streptococcus_pneumoniae
Streptococcus mitis_Y	Streptococcus_pneumoniae
Streptococcus pneumoniae	Streptococcus_pneumoniae
Streptococcus pneumoniae_A	Streptococcus_pneumoniae
Streptococcus pneumoniae_B	Streptococcus_pneumoniae
Streptococcus pneumoniae_C	Streptococcus_pneumoniae
Streptococcus pneumoniae_E	Streptococcus_pneumoniae
Streptococcus pyogenes	Streptococcus_pyogenes
Vibrio cholerae	Vibrio_cholerae
Vibrio parahaemolyticus	Vibrio_parahaemolyticus
Vibrio vulnificus	Vibrio_vulnificus